table,column,primary_key,current,proposed,confidence,kind,row_count
flowsheet,artist_name,id=1543020,Î¼-Ziq,μ-Ziq,95,round_trip,12
flowsheet,track_title,id=1195793,Î©Î©Î©,ΩΩΩ,95,round_trip,4
flowsheet,track_title,id=1821664,HelvacÄ±,Helvacı,85,round_trip,3
flowsheet,album_title,id=1925879,Ø¯,د,95,round_trip,2
flowsheet,album_title,id=1215539,ç¹­,繭,95,round_trip,2
flowsheet,track_title,id=1608700,ï½¡.ï½¥BLUSHï½¥.ï½¡,｡.･BLUSH･.｡,50,round_trip,2
flowsheet,album_title,id=1630516,Atmospheres ç¬¬3,Atmospheres 第3,95,round_trip,1
flowsheet,album_title,id=2502922,Ege BamyasÄ±,Ege Bamyası,85,round_trip,1
flowsheet,album_title,id=2505935,En Kotu Ä°yi Olur,En Kotu İyi Olur,85,round_trip,1
flowsheet,album_title,id=1915813,Å koda Mluvit,Škoda Mluvit,85,round_trip,1
flowsheet,album_title,id=1140316,Î¨ 847,Ψ 847,95,round_trip,1
flowsheet,artist_name,id=2353839,GrOunå£« + Kabamix,GrOun士 + Kabamix,95,round_trip,1
flowsheet,artist_name,id=1985385,LuboÅ¡ FiÅ¡er,Luboš Fišer,85,round_trip,1
flowsheet,artist_name,id=1309181,Mustafah 'Abd Al'-AzÄ«z,Mustafah 'Abd Al'-Azīz,85,round_trip,1
flowsheet,artist_name,id=2498431,"Î£tella, Las Palabras","Σtella, Las Palabras",95,round_trip,1
flowsheet,artist_name,id=1414111,Î¼-ziq,μ-ziq,95,round_trip,1
flowsheet,record_label,id=1135680,Galerija Å KUC Izdaja / Dark Entries,Galerija ŠKUC Izdaja / Dark Entries,85,round_trip,1
flowsheet,record_label,id=2519864,ViÅ¡e manje zauvijek,Više manje zauvijek,85,round_trip,1
flowsheet,record_label,id=1809697,Î©,Ω,95,round_trip,1
flowsheet,track_title,id=1609675,400ç±³,400米,95,round_trip,1
flowsheet,track_title,id=2518047,78 Yilinin En Uzun DakikasÄ±,78 Yilinin En Uzun Dakikası,85,round_trip,1
flowsheet,track_title,id=2443704,DaÅ¡a,Daša,85,round_trip,1
flowsheet,track_title,id=1777140,DesgracaÌ§da,Desgraca̧da,50,round_trip,1
flowsheet,track_title,id=2516010,GadÅ¼et elektroniczny,Gadżet elektroniczny,85,round_trip,1
flowsheet,track_title,id=2076200,Hidden Power (Phase Î´),Hidden Power (Phase δ),95,round_trip,1
flowsheet,track_title,id=2183122,JoÅ¡ Jedna Crta,Još Jedna Crta,85,round_trip,1
flowsheet,track_title,id=1995634,PoznajeÅ¡ Li Moje Pravo Lice,Poznaješ Li Moje Pravo Lice,85,round_trip,1
flowsheet,track_title,id=1418247,YalnÄ±zlar RÄ±htÄ±mÄ±,Yalnızlar Rıhtımı,85,round_trip,1
flowsheet,track_title,id=1153975,tno doÉ¹p,tno doɹp,50,round_trip,1
flowsheet,track_title,id=2516074,Å eva,Ševa,85,round_trip,1
flowsheet,track_title,id=2547382,"Å¡to me vikas, Å¡efijo","što me vikas, šefijo",85,round_trip,1
flowsheet,track_title,id=1841212,Ð´Ð²Ð° TWO,два TWO,95,round_trip,1
flowsheet,track_title,id=2333265,å¤¢ä¸­äºº,夢中人,95,round_trip,1
flowsheet,track_title,id=2336988,La Musique Du CÅ?ur,,0,lossy,39
flowsheet,album_title,id=1147529,f#a#â??,,0,lossy,33
flowsheet,track_title,id=1793705,Do It 4 U (feat. Dâ??WN),,0,lossy,31
flowsheet,artist_name,id=2170216,Astrid Ã?ster Mortenson,,0,lossy,12
flowsheet,track_title,id=2123406,Renée (Who's Driving Your Car?),,0,lossy,12
flowsheet,track_title,id=1918113,Wsyzstkie Wschody StoÅ?ca,,0,lossy,11
flowsheet,artist_name,id=1537009,Joint Dâ?,,0,lossy,10
flowsheet,track_title,id=1551807,Adem OÄ?lu KÄ±zgÄ±n FÄ±rÄ±n Havva KÄ±zÄ± Mercimek,,0,lossy,9
flowsheet,track_title,id=1684533,Catastrophe â??,,0,lossy,8
flowsheet,track_title,id=2042809,ObsesioÌ?n RomaÌ?ntica,,0,lossy,8
flowsheet,track_title,id=1413718,Te Odio (¿Te Amo?),,0,lossy,8
flowsheet,album_title,id=1508394,æ?°ã??ã??æ?¥ã?®èª?ç?? (Birth of a New Day),,0,lossy,7
flowsheet,track_title,id=1857220,Tik - Tak Å? Aurorina Seleve,,0,lossy,7
flowsheet,track_title,id=1453904,á??á?©á?«á??á?¡ á??á?¡á?·á??á?³á?« á??á?µá??á?³á?· á??á?©á?¯á??á?µ,,0,lossy,7
flowsheet,album_title,id=1564669,For Those Of You Who Have Never (And Also Those Who Have) â??,,0,lossy,5
flowsheet,album_title,id=1159619,La Musique Ã?lectronique Du Niger,,0,lossy,4
flowsheet,album_title,id=2393259,"Pacific Breeze: Japanese City Pop, AOR, and Boogie 1976â??1986",,0,lossy,4
flowsheet,artist_name,id=2169756,SIW SJÃ?BERG,,0,lossy,4
flowsheet,track_title,id=2394001,Widen Spytâ?? (Vienna Is Sleeping),,0,lossy,4
flowsheet,album_title,id=1888803,v/a - japanese ambient new age (1980â??1990),,0,lossy,3
flowsheet,album_title,id=2160256,Ã?coute...,,0,lossy,3
flowsheet,album_title,id=1661539,æ?°ã??ã??æ?¥ã?®èª?ç??,,0,lossy,3
flowsheet,album_title,id=1657404,æ?±æ?¹ä¸?æ??,,0,lossy,3
flowsheet,artist_name,id=1338945,$1??£¥,,0,lossy,3
flowsheet,artist_name,id=2099328,Hafiz AÅ?ir Efendi,,0,lossy,3
flowsheet,artist_name,id=1587664,Haruomi Hosono â??,,0,lossy,3
flowsheet,record_label,id=1657043,Empreintes Digitales â??,,0,lossy,3
flowsheet,record_label,id=1607313,Spazio Disponibile â??,,0,lossy,3
flowsheet,track_title,id=2495936,Good Feeling (Mr Gâ??s Turn On Dub),,0,lossy,3
flowsheet,track_title,id=2063359,Itâ??s A Shame,,0,lossy,3
flowsheet,track_title,id=2075979,Iâ??m Not Sayinâ??,,0,lossy,3
flowsheet,track_title,id=2372213,Mr. Grammarticalogy â?? Lisationalism is the Boss,,0,lossy,3
flowsheet,track_title,id=2319284,Plus Jamais Ã?a,,0,lossy,3
flowsheet,track_title,id=2078161,Ã?ltima instancia,,0,lossy,3
flowsheet,track_title,id=1565545,æ?¢å¤?,,0,lossy,3
flowsheet,track_title,id=2269614,ì?¬ë¦?: ëª¨í?¸í?¨ ì??ì?? ë?? / 2ì??ì?¥ / ë??ì??ì¤? ë??ê°? ë??ë©´ ë??ì??ì£¼ê¸° (Concerto),,0,lossy,3
flowsheet,album_title,id=2294422,Aqui Ã? Portugal,,0,lossy,2
flowsheet,album_title,id=2289927,Because Youâ??re Mine Hits & Rarities,,0,lossy,2
flowsheet,album_title,id=2107575,Carregando A Vida AtraÌ?s Das Costas,,0,lossy,2
flowsheet,album_title,id=1391828,CieÅ? Chmury Nad Ukrytym Polem,,0,lossy,2
flowsheet,album_title,id=2289932,God Donâ??t Never Change: The Songs of Blind Willie Johnson,,0,lossy,2
flowsheet,album_title,id=1269730,I Have To Paint My Face: Mississippi Blues â?? 1960,,0,lossy,2
flowsheet,album_title,id=1152801,Moog - The Electric Eclectics Of Dick Hyman â??,,0,lossy,2
flowsheet,album_title,id=2328552,"Praise the Lord!â??Gospel Music in Washington, DC",,0,lossy,2
flowsheet,album_title,id=2447253,Preacherâ??s Daughter,,0,lossy,2
flowsheet,album_title,id=2384226,"Springtime in New York: The Bootleg Series, Vol. 16: 1980â??1985",,0,lossy,2
flowsheet,album_title,id=2371825,The NID Tapes: Electronic Music From India 1969â??1972,,0,lossy,2
flowsheet,album_title,id=427427,"Tout Seul Dans la Forêt en Plein Jour, Avez-Vous Peur?",,0,lossy,2
flowsheet,album_title,id=1605501,"V/A â??â?? Music, Awareness & Solidarity w/ Rojava Revolution",,0,lossy,2
flowsheet,album_title,id=2277643,Ã?thiopiques 5: Tigrigna Music 1970-1975,,0,lossy,2
flowsheet,album_title,id=2469793,Ã?thiopiques Vol. 4,,0,lossy,2
flowsheet,album_title,id=2170765,Ð´Ð»Ñ? FOR,,0,lossy,2
flowsheet,artist_name,id=2050164,BÃ?RNS,,0,lossy,2
flowsheet,artist_name,id=2214435,Dina Ã?gon,,0,lossy,2
flowsheet,artist_name,id=1682859,Ellery Eskelin / Dave Ballou / Michael Formanek / Devin Gray â??,,0,lossy,2
flowsheet,artist_name,id=1644201,Elliphant ft. MÃ?,,0,lossy,2
flowsheet,artist_name,id=2182397,TONÃ?L,,0,lossy,2
flowsheet,artist_name,id=1196714,Ã?,,0,lossy,2
flowsheet,artist_name,id=1509587,Ã?ke Parmerud,,0,lossy,2
flowsheet,artist_name,id=807866,Ð?ÐºÐ°Ñ?ÐµÑ?Ð¸Ð½Ð°,,0,lossy,2
flowsheet,artist_name,id=1801762,Ñ?Ð¿Ñ?Ð±,,0,lossy,2
flowsheet,artist_name,id=2061841,æ°´ä¸­ã?¹ã??ã?« (SuichÅ« Supika),,0,lossy,2
flowsheet,record_label,id=1470497,I Dischi Del Barone â??,,0,lossy,2
flowsheet,record_label,id=1284843,Moment Before Impact â??,,0,lossy,2
flowsheet,record_label,id=1362573,Not Not Fun Records â??,,0,lossy,2
flowsheet,record_label,id=1223661,¿What Next? Recordings,,0,lossy,2
flowsheet,track_title,id=2493163,A Good Time Man Like Me Ainâ??t Got No Business (Singinâ?? the Blues),,0,lossy,2
flowsheet,track_title,id=2394013,Anyzette â?? Baladoun (Kamma & Masalo Dub),,0,lossy,2
flowsheet,track_title,id=2545594,Besakihâ??s Embrace,,0,lossy,2
flowsheet,track_title,id=1792630,Cos-Ber-Zam â?? Ne Noya (Daphni Mix),,0,lossy,2
flowsheet,track_title,id=2406639,Do While â??X,,0,lossy,2
flowsheet,track_title,id=2439223,GREY RUBBLE â?? GREEN SHOTS,,0,lossy,2
flowsheet,track_title,id=1972005,Idine Ã?jne,,0,lossy,2
flowsheet,track_title,id=2185966,In Ã?r Gcroithe Go Deo,,0,lossy,2
flowsheet,track_title,id=2066783,Iâ??d Like To Walk Around In Your Mind,,0,lossy,2
flowsheet,track_title,id=1671422,Kuinka Voin Auttaa? -> Tähtitakku,,0,lossy,2
flowsheet,track_title,id=1435929,La Ciolpan cu prispa inaltÄ? (The High Balcony In Ciolpan),,0,lossy,2
flowsheet,track_title,id=2060544,Now That Everythingâ??s Been Said,,0,lossy,2
flowsheet,track_title,id=2482699,Parrandita â??Sariri Tunupaâ??,,0,lossy,2
flowsheet,track_title,id=2083722,Pearl Farano and the High Lites of Joy - Whoâ??s Your Boss,,0,lossy,2
flowsheet,track_title,id=1423218,PÅ?onÄ?Ä?,,0,lossy,2
flowsheet,track_title,id=2077965,Sheâ??s A Rainbow,,0,lossy,2
flowsheet,track_title,id=1887634,TarlabaÅ?Ä± Snake,,0,lossy,2
flowsheet,track_title,id=1600480,Wounded Manâ??yo #36-7,,0,lossy,2
flowsheet,track_title,id=2048494,Youâ??re So Vain,,0,lossy,2
flowsheet,track_title,id=2080902,Ã? Preciso Dizer,,0,lossy,2
flowsheet,track_title,id=1983365,Ã?lom,,0,lossy,2
flowsheet,track_title,id=2080684,Ã?nete A Mi,,0,lossy,2
flowsheet,track_title,id=2513214,Ã?tero,,0,lossy,2
flowsheet,track_title,id=1165810,Ã?tude 3,,0,lossy,2
flowsheet,track_title,id=2361984,Ä?vÄ?z-e abÅ«-atÄ?,,0,lossy,2
flowsheet,track_title,id=1861866,Î?Î?Î¤Î©,,0,lossy,2
flowsheet,track_title,id=2446841,Î?Î·Ï?Ï?,,0,lossy,2
flowsheet,track_title,id=1755944,Ð?Ð¾Ð¹ Ð½Ð¾Ð²Ñ?Ð¹ Ñ?Ñ?Ð¸Ð»Ñ?,,0,lossy,2
flowsheet,track_title,id=1657404,æ?¥å?ºæ?±æ?¹ å?¯æ??ä¸?æ??,,0,lossy,2
flowsheet,track_title,id=1508394,ç??å®?ã?®æ??,,0,lossy,2
flowsheet,album_title,id=2545566,"""NOâ??TITLE AS OF 13 FEBRUARY 2024 28,340 DEAD""",,0,lossy,1
flowsheet,album_title,id=2311342,'helms' bâ??/â??w 'reverie #3',,0,lossy,1
flowsheet,album_title,id=1743860,.â??.â??.â??BECAUSE I'M YOUNG ARROGANT AND HATE EVERYTHING YOU STAND FOR,,0,lossy,1
flowsheet,album_title,id=2386123,1992â??2012 The Anthology,,0,lossy,1
flowsheet,album_title,id=2556325,24 â?? 24 Music: The Definitive Arthur Russell,,0,lossy,1
flowsheet,album_title,id=2082312,7 â??,,0,lossy,1
flowsheet,album_title,id=1407990,?×?×?×? (Whither?),,0,lossy,1
flowsheet,album_title,id=1279945,A Beginnerâ??s Guide To Lucid Dreaming (NEW),,0,lossy,1
flowsheet,album_title,id=2061996,A Pegada Agora Ã? Essa (The Sway Now),,0,lossy,1
flowsheet,album_title,id=2554399,Against All Logic â?? 2012â??2017,,0,lossy,1
flowsheet,album_title,id=1845474,AkÅ?ak,,0,lossy,1
flowsheet,album_title,id=1426899,"Arlette Sibon-Simonovitch Avec Le Concours De Sylvio Gualda : Parmegiani, Mestres-Quadreny â??â?? Espaces Sonores No. 1",,0,lossy,1
flowsheet,album_title,id=1728144,ArÅ?iv Serisi,,0,lossy,1
flowsheet,album_title,id=2528152,Astronautaâ?? Songs of Elis,,0,lossy,1
flowsheet,album_title,id=2039047,Bachmanâ??Turner Overdrive II,,0,lossy,1
flowsheet,album_title,id=1174414,"Berliner Philharmoniker, Herbert von Karajan â??â?? 6. Symphonie",,0,lossy,1
flowsheet,album_title,id=1204875,BiSé??æ®µ (BiSKaidan),,0,lossy,1
flowsheet,album_title,id=2560949,Big Apple Rappinâ??,,0,lossy,1
flowsheet,album_title,id=2304539,"Borga Revolution! Ghanaian Dance Music in the Digital Age, 1983â??1996, Volume 2",,0,lossy,1
flowsheet,album_title,id=2227342,"Brain in a Box: The Science Fiction Collection, Disc 1â??â??Movie Themes",,0,lossy,1
flowsheet,album_title,id=2349509,"Brain in a Box: The Science Fiction Collection, Disc 4â??â??Incidental/Lounge",,0,lossy,1
flowsheet,album_title,id=1997448,C'est Ã?a,,0,lossy,1
flowsheet,album_title,id=2071236,Canâ??t but a thrill,,0,lossy,1
flowsheet,album_title,id=2055307,Cerebral Navigators: Anthology 1993â??-â??1997,,0,lossy,1
flowsheet,album_title,id=1857472,Chamber Works 1992â??2009,,0,lossy,1
flowsheet,album_title,id=1365168,Chiheisen â??,,0,lossy,1
flowsheet,album_title,id=2497178,Chronicle: The Complete Prestige Recordings 1951â??1956,,0,lossy,1
flowsheet,album_title,id=1161479,ChÅ?urs Imaginaires,,0,lossy,1
flowsheet,album_title,id=1161487,Chï¿½?urs Imaginaires,,0,lossy,1
flowsheet,album_title,id=1277542,CieÅ? chmury nad ukrytym polem,,0,lossy,1
flowsheet,album_title,id=1509567,Comme Ã? La Radio,,0,lossy,1
flowsheet,album_title,id=1489004,Cultures Ã?lectroniques 3 - Laureats,,0,lossy,1
flowsheet,album_title,id=1502031,"Deep Shadow: Musics of Indochina & Indonesia, 1920sâ??-â??40s",,0,lossy,1
flowsheet,album_title,id=2444068,DrauÃ?en auf Kaution / Jet Set,,0,lossy,1
flowsheet,album_title,id=2175824,DÃ?BUT,,0,lossy,1
flowsheet,album_title,id=2181894,Eins und Zwei und Drei und Vier: Deutsche Experimentelle Popâ??-â??Musik 1980â??-â??86,,0,lossy,1
flowsheet,album_title,id=2506324,Erased Tapes 20ï½¥ï½¥ï¼?ï¼?ï¼?0,,0,lossy,1
flowsheet,album_title,id=2447239,"Everybody Else Is Doing It, So Why Canâ??t We?",,0,lossy,1
flowsheet,album_title,id=1731950,Everything â?? God Is Love 78,,0,lossy,1
flowsheet,album_title,id=2412298,Ex Fabula I - A Guide to Late Music Releases I â?? X,,0,lossy,1
flowsheet,album_title,id=2009860,EÌ?leÌ?ments Dâ??une Diplomatie FantoÌ?me,,0,lossy,1
flowsheet,album_title,id=1647084,Eâ?¢MOâ?¢TION,,0,lossy,1
flowsheet,album_title,id=2060600,F#A#â??,,0,lossy,1
flowsheet,album_title,id=1477571,F*** De Boere (Dedicated To Johnny Dyani) â??,,0,lossy,1
flowsheet,album_title,id=2326565,Freedomâ??s Goblin,,0,lossy,1
flowsheet,album_title,id=1468811,Fâ?¯ Aâ?¯ â??,,0,lossy,1
flowsheet,album_title,id=1313829,Fâ?¯aâ?¯â??,,0,lossy,1
flowsheet,album_title,id=2060411,G_dâ??s Pee AT STATEâ??S END!,,0,lossy,1
flowsheet,album_title,id=1261806,Genesis â?? Music From The Original Motion Picture Soundtrack,,0,lossy,1
flowsheet,album_title,id=2041005,Hemingwayâ??s Whiskey,,0,lossy,1
flowsheet,album_title,id=1269718,Hommage Ã? Noir,,0,lossy,1
flowsheet,album_title,id=1330597,How to Improve Your Swing in 14 Easy Stepsâ?¦,,0,lossy,1
flowsheet,album_title,id=2233269,I Have To Paint My Face â?? Mississippi Blues,,0,lossy,1
flowsheet,album_title,id=2117252,"I'm Gonna Live Anyhow Until I Die: Alan Lomax's ""Southern Journeyâ??,â??"" 1959â??1960",,0,lossy,1
flowsheet,album_title,id=1812019,ImpressoÌ?es De Uma Ilha,,0,lossy,1
flowsheet,album_title,id=1909739,Ion Series â?? Jamaica,,0,lossy,1
flowsheet,album_title,id=2037921,Iâ??m Allergic To Dogs!,,0,lossy,1
flowsheet,album_title,id=2326576,Iâ??m as Blue as a Man Can Be,,0,lossy,1
flowsheet,album_title,id=2447247,Just A Girl (From The Original Series â??Yellowjacketsâ??),,0,lossy,1
flowsheet,album_title,id=2556960,Kitty Wellsâ?? Country Hit Parade,,0,lossy,1
flowsheet,album_title,id=1091753,Kuka Siellä? (NEW),,0,lossy,1
flowsheet,album_title,id=1419280,L'Ã?toile Absinthe,,0,lossy,1
flowsheet,album_title,id=1238149,L'�?il écoute / Dedans-Dehors,,0,lossy,1
flowsheet,album_title,id=2021066,Larry Levan â?? The Definitive Salsoul Mixes '78-'83,,0,lossy,1
flowsheet,album_title,id=2165547,Letâ??s Skip To The Wedding,,0,lossy,1
flowsheet,album_title,id=2042915,Live - the loomâ??s desire,,0,lossy,1
flowsheet,album_title,id=1784779,Lovin' Mighty Fire (Nippon Funk â?¢ Soul â?¢ Disco 1973-1983),,0,lossy,1
flowsheet,album_title,id=1522162,MAZZMELANCOLIÃ?,,0,lossy,1
flowsheet,album_title,id=1757427,Martyn â?? Fabric 50,,0,lossy,1
flowsheet,album_title,id=1152085,Memoriesâ?¦ Of How It Used To Be,,0,lossy,1
flowsheet,album_title,id=2277459,Minecraft â?? Volume Beta,,0,lossy,1
flowsheet,album_title,id=2335192,New York Noise â?? Dance Music From The New York Underground 1978-82,,0,lossy,1
flowsheet,album_title,id=2023912,O Ã?pice,,0,lossy,1
flowsheet,album_title,id=1947944,OUÃ?,,0,lossy,1
flowsheet,album_title,id=2039056,Oliviaâ??s Greatest Hits Vol. 2,,0,lossy,1
flowsheet,album_title,id=2390625,Orpheu The Wizard â?? The Sound Of Love International #005,,0,lossy,1
flowsheet,album_title,id=2391614,Patti Whipp With The Infinite Blue â?? Walkin' / It's Gone,,0,lossy,1
flowsheet,album_title,id=2080590,Planet Love Vol. 1 - Early Transmissions 1991â??-â??95,,0,lossy,1
flowsheet,album_title,id=2441364,Prelude Toâ?¦,,0,lossy,1
flowsheet,album_title,id=2544057,Psychedelic Sanza 1982â??1984,,0,lossy,1
flowsheet,album_title,id=238873,Qu’ouïs-je? (2000),,0,lossy,1
flowsheet,album_title,id=2183670,Raw (â??That Little Olâ?? Band From Texasâ?? original soundtrack),,0,lossy,1
flowsheet,album_title,id=2525382,Recordings from the Ã?land Islands (IA11 Edition),,0,lossy,1
flowsheet,album_title,id=1757408,Reincarnations Pt. 2 â?? The Remix Chapter 2009-2014,,0,lossy,1
flowsheet,album_title,id=2340531,Roaminâ?? and Ramblinâ??,,0,lossy,1
flowsheet,album_title,id=1373350,Se o Caso Ã? Chorar,,0,lossy,1
flowsheet,album_title,id=2553376,Shut Up â??n Play Yer Guitar,,0,lossy,1
flowsheet,album_title,id=2387986,Silberland - Kosmische Musik Vol 1 (1972â??-â??1986),,0,lossy,1
flowsheet,album_title,id=2175093,Sister Rosetta Tharpe â?? Vol. 2,,0,lossy,1
flowsheet,album_title,id=2382429,Skew It on the Barâ??B,,0,lossy,1
flowsheet,album_title,id=1805699,Snow Solo Piano Show â?? Phase I: Piano Antique,,0,lossy,1
flowsheet,album_title,id=2489828,Soul Jazz Records presents SECRET SUPERSTAR SOUNDS â?? Scraping Bubblegum Off My Soul 1977-80,,0,lossy,1
flowsheet,album_title,id=2250117,Special Herbs: The Box Set Vol. 0â??9,,0,lossy,1
flowsheet,album_title,id=1962307,SviÄ?a Mi Se Da Ti Ne Bude Prijatno,,0,lossy,1
flowsheet,album_title,id=2042911,Swing when youâ??re winning,,0,lossy,1
flowsheet,album_title,id=1574762,"Take It To The Streets / Flipmode Enemy #1 â??(12"", Promo)",,0,lossy,1
flowsheet,album_title,id=2432440,Tell Me Iâ??m Dreaming,,0,lossy,1
flowsheet,album_title,id=2197619,"Thatâ??s What Happened 1982â??1985: The Bootleg Series, Vol. 7",,0,lossy,1
flowsheet,album_title,id=2129493,The Analysis Of Selfâ??-â??Destruction,,0,lossy,1
flowsheet,album_title,id=1233629,The Classic Louisiana Recordings â?¢ Cajun & Creole Music 1934/1937,,0,lossy,1
flowsheet,album_title,id=2421989,The Head As Formâ??d In The Crierâ??s Choir,,0,lossy,1
flowsheet,album_title,id=2351767,The Hermetic Organ Volume 11â?? For Terry Riley,,0,lossy,1
flowsheet,album_title,id=1192542,"The Noise ã?¶ã?»ã??ã?¤ã?º - 30th Anniversary - 1979-2009 (1979, 2009)",,0,lossy,1
flowsheet,album_title,id=2039059,The Voice of the Sparrow: The Very Best of Ã?dith Piaf,,0,lossy,1
flowsheet,album_title,id=2333416,Theatre of the Absurd presents Câ??est La Vie,,0,lossy,1
flowsheet,album_title,id=2517402,Tomorrowâ??s Fashions: Library Electronica 1972-1987,,0,lossy,1
flowsheet,album_title,id=614781,"Tout Seui Dans la Forêt en Plein Jour, Avez-Vous Peur?",,0,lossy,1
flowsheet,album_title,id=2511705,Toã?»Kiã?»Meã?»Ki,,0,lossy,1
flowsheet,album_title,id=2461903,Triserica NeagrÇ?,,0,lossy,1
flowsheet,album_title,id=1731560,Twenty-Three Carillon Sudokus (Number Made Visible â?? Number Made Audible),,0,lossy,1
flowsheet,album_title,id=1465478,Unagi Patrol / Microstudio â??Split,,0,lossy,1
flowsheet,album_title,id=1737490,V/A â?? Lagos Disco Inferno,,0,lossy,1
flowsheet,album_title,id=1762233,V/A â?? Pop Makossa: The Invasive Dance Bet of Cameroon 1976-1984,,0,lossy,1
flowsheet,album_title,id=2183122,VA â?¢ JUGOTRONIC â?¢ EP,,0,lossy,1
flowsheet,album_title,id=2460467,Vande MÄ?taram,,0,lossy,1
flowsheet,album_title,id=2289944,"Various â?? Moonstompers, Shufflers And Skankers... Ska",,0,lossy,1
flowsheet,album_title,id=1812023,Various â??â?? Gongs And Vocals Music From Sumatra,,0,lossy,1
flowsheet,album_title,id=2398656,WHAT WE DREW ì?°ë¦¬ê°? ê·¸ë ¤ì??ë??,,0,lossy,1
flowsheet,album_title,id=2340513,Youâ??re Living All Over Me,,0,lossy,1
flowsheet,album_title,id=1545807,ZamknÄ?Å?y SiÄ? Oczy Ziemi,,0,lossy,1
flowsheet,album_title,id=1995634,Zdenka KovaÄ?iÄ?ek,,0,lossy,1
flowsheet,album_title,id=1744251,Zimpelâ??/â??ZioÅ?ek,,0,lossy,1
flowsheet,album_title,id=1288095,[sen'seiâ?«n deÎ¸],,0,lossy,1
flowsheet,album_title,id=2089365,"earth, wind, & fire â?? greatest hits",,0,lossy,1
flowsheet,album_title,id=2074806,iâ??ll never get out of this world alive,,0,lossy,1
flowsheet,album_title,id=2382706,kingchangÅ?,,0,lossy,1
flowsheet,album_title,id=2085682,meÄ?hul,,0,lossy,1
flowsheet,album_title,id=2089367,sign oâ?? the times,,0,lossy,1
flowsheet,album_title,id=1688467,the meaning of 8 / â??,,0,lossy,1
flowsheet,album_title,id=2026073,the seekers â?? capitol collectorâ??s series,,0,lossy,1
flowsheet,album_title,id=1931838,~â??~â??~,,0,lossy,1
flowsheet,album_title,id=1048333,¿Que Sucede Con El Tiempo?,,0,lossy,1
flowsheet,album_title,id=1248918,¿Que Sucede Con El Tiempo? (1984),,0,lossy,1
flowsheet,album_title,id=1242262,¿como se divertirán los insectos?,,0,lossy,1
flowsheet,album_title,id=2459565,Ã? Vontade,,0,lossy,1
flowsheet,album_title,id=2244408,Ã? o que a casa oferece,,0,lossy,1
flowsheet,album_title,id=1166041,Ã?a Va,,0,lossy,1
flowsheet,album_title,id=2512210,Ã?a va,,0,lossy,1
flowsheet,album_title,id=2395426,Ã?gaertis Byrjun,,0,lossy,1
flowsheet,album_title,id=2079757,Ã?gaetis Byrjun,,0,lossy,1
flowsheet,album_title,id=1249830,Ã?nigma,,0,lossy,1
flowsheet,album_title,id=2093946,Ã?thiopiques,,0,lossy,1
flowsheet,album_title,id=2147025,Ã?thiopiques 11,,0,lossy,1
flowsheet,album_title,id=2503792,Ã?thiopiques 13: Ethiopian Groove - The Golden Seventies,,0,lossy,1
flowsheet,album_title,id=2175851,Ã?thiopiques 21: Piano Solo,,0,lossy,1
flowsheet,album_title,id=2340936,Ã?thiopiques 4: Ethio Jazz & Musique Instrumentale 1969-1974,,0,lossy,1
flowsheet,album_title,id=2139032,Ã?thiopiques 8,,0,lossy,1
flowsheet,album_title,id=2146161,"Ã?thiopiques:tigrigna music, vol. 5",,0,lossy,1
flowsheet,album_title,id=1549328,"Ä°stanbul 70 - Psych, Disco Folk Edits By BariÅ? K - Volume II â??(12"")",,0,lossy,1
flowsheet,album_title,id=1299195,Î?Î?Î? = Î¦ / UVIVI / 1:Î?Ï?4 / ONTA,,0,lossy,1
flowsheet,album_title,id=1477928,Î?Î®Î¸Î·,,0,lossy,1
flowsheet,album_title,id=1644469,Î?ÎºÎ¬Î»Î¿Ï?,,0,lossy,1
flowsheet,album_title,id=1607565,Î?Î¿Î»Î¿Ï?Ï?Î¹Î±Î¯Î¿ Î?Ï?Î½Î±Î¹ÎºÎµÎ¯Î¿ Î?ÎµÏ?Î¬Î»Î¹ (Colossal Female Head),,0,lossy,1
flowsheet,album_title,id=1916273,Ð?Ð­Ð© Ð?Ð?Ð?Ð?Ð?Ð£,,0,lossy,1
flowsheet,album_title,id=1389473,Ð?Ð° Ð Ñ?ÐºÐ°Ñ?Ñ? Ð?Ð°Ð²Ð»Ò?Ð½Ñ?ÐºÑ?Ñ?Ñ?,,0,lossy,1
flowsheet,album_title,id=2538922,Ð?Ð»ÐµÑ?Ð½Ñ?Ð¹ Ð¡Ð°Ð´,,0,lossy,1
flowsheet,album_title,id=2115588,Ð?Ð»Ñ? = For,,0,lossy,1
flowsheet,album_title,id=1396969,Ð?Ð¾Ñ?Ð°Ð½ Ð?Ñ?Ñ?Ð±ÐµÐ³Ð¾Ð²Ð¸Ñ?* Ð? Ð?Ð¾Ñ?Ð°Ð½ Ð§Ñ?Ñ?ÐºÐ¾Ð²Ð¸Ñ?* â??â?? Ð?Ð¸Ñ?Ð¸Ñ?Ðµ Ð¡Ð²ÐµÑ?Ð¾Ð³ Ð¡Ð°Ð²Ðµ,,0,lossy,1
flowsheet,album_title,id=1817194,Ð?Ð¾Ñ?Ð»Ð¸Ð³Ð¾Ð½,,0,lossy,1
flowsheet,album_title,id=1146112,Ð?Ð¾Ñ?Ð»Ð¸Ð³Ð¾Ð½ (NEW),,0,lossy,1
flowsheet,album_title,id=2337949,Ð¶â??Ð°â??Ð´â??Ð½â??Ñ?â??Ðµ Ð½â??Ð°â??Ñ?â??Ðµâ??Ðºâ??Ð¾â??Ð¼â??Ñ?â??Ðµ Ð®â??Ð¿â??Ð¸â??Ñ?â??Ðµâ??Ñ?â??Ð°,,0,lossy,1
flowsheet,album_title,id=2452245,Ð¼Ð¾Ð¶ÐµÑ? Ð¿Ñ?Ð°Ð²Ð´Ð° Ð²Ñ?Ñ? Ð·Ð°ÐºÐ¾Ð½Ñ?Ð¸Ñ?Ñ?Ñ? Ð²Ð¾Ñ? Ñ?Ð°Ðº,,0,lossy,1
flowsheet,album_title,id=1589652,Ø§Ù?Ø®Ø·Ù?Ø¨ Ø§Ù?Ù?ØºØ±Ø¨Ù? Ù?Ù?Ø² Ø§Ù?Ø¹Ø§Ù?Ù?Ø? Ù? ØªØ¨Ø´Ù?Ø± ØµØ¯Ø§Ù? Ø­Ø³Ù?Ù?,,0,lossy,1
flowsheet,album_title,id=1589655,Ø¨ØµØ±Ø§Ø­Ø©Ø§Ù?Ø®Ø·Ù?Ø¨ Ø§Ù?Ø´Ø¬Ø§Ø¹ Ø£Ù?Ø§Ù? Ø§Ù?Ø±Ø¦Ù?Ø³ Ø¨Ø´Ø§Ø± Ø§Ù?Ø³Ù?Ø±Ù? Ø§Ù?Ø£Ø³Ø¯,,0,lossy,1
flowsheet,album_title,id=1876869,à¤¬à¤¡à¤¼à¤¾ à¤¶à¥?à¤? (heart break),,0,lossy,1
flowsheet,album_title,id=1967087,á¼?Ï?Î¿ÎºÎ¬Î»Ï?Ï?Î¹Ï?,,0,lossy,1
flowsheet,album_title,id=2548017,â?,,0,lossy,1
flowsheet,album_title,id=1697549,â??,,0,lossy,1
flowsheet,album_title,id=1344637,â?  (cross),,0,lossy,1
flowsheet,album_title,id=1913049,â?¦On Sea-Faring Isolation,,0,lossy,1
flowsheet,album_title,id=1555034,â?©,,0,lossy,1
flowsheet,album_title,id=2403092,ã??ã??ã??ã?ªã??ã??ã?®ã?¨ã??ã?£ã?¨,,0,lossy,1
flowsheet,album_title,id=2033241,ã??ã??ã?°ã??ã??ã??ã??,,0,lossy,1
flowsheet,album_title,id=1958739,ã??ã?£ã??ã?¾ã?§æ³£ã??ã?¦ã??ã?®ã?¯èª°ã? ï¼?,,0,lossy,1
flowsheet,album_title,id=1637976,ã??ã?¦ã??ã??,,0,lossy,1
flowsheet,album_title,id=2021725,ã??ã?¼ã??ã?«ã??ã??ã?¦,,0,lossy,1
flowsheet,album_title,id=1258478,ã?©ã?¦ã??ã??å¥´ã??,,0,lossy,1
flowsheet,album_title,id=1316427,ã?¹ã?©ã?·ã?¢ ã?ªã?¹ã?¯,,0,lossy,1
flowsheet,album_title,id=1288787,ä¸?æµ·è??æ­? (1931-1949) - Pop Songs Between 1930s and 1940s in Shanghaii,,0,lossy,1
flowsheet,album_title,id=2384207,å?±ç??é?£æ? äººé?®æ´¥ç??æ­?è°£ / Chang Zhe Na Wu Ren Wen Jin De Ge Yao,,0,lossy,1
flowsheet,album_title,id=2456253,å?¼å?¸,,0,lossy,1
flowsheet,album_title,id=1622240,å®?å?¨ã?ªæ··ä¹±ã?¸ã?®è¦³å??ã?¬ã?¤ã??,,0,lossy,1
flowsheet,album_title,id=2506360,å®?å®? æ?¥æ?¬ ä¸?ç?°è°· (Space Japan Setagaya),,0,lossy,1
flowsheet,album_title,id=1982230,å·¥æ¥­è£½å??,,0,lossy,1
flowsheet,album_title,id=2385669,å½±å??å??å??å?®ï¼?å??æ?´å¤?ï¼?,,0,lossy,1
flowsheet,album_title,id=2347457,æ??äºº,,0,lossy,1
flowsheet,album_title,id=1204879,æ?¹é? ã?¸ã?®èº?å?? (KaizÅ? e no YakudÅ?),,0,lossy,1
flowsheet,album_title,id=1782761,æµ?è¡?é??ä¿¡ç°¿,,0,lossy,1
flowsheet,album_title,id=1204867,æ·±ã??æ£®ã??ã??,,0,lossy,1
flowsheet,album_title,id=2562962,ç??ã?£é»?,,0,lossy,1
flowsheet,album_title,id=1243887,"çª?ç?¶ç??ã?®ã??ã?¨ã??(Suddenly, Like Flames)",,0,lossy,1
flowsheet,album_title,id=2555799,ç´?æ??ã?®ã??ã??ã?¼ã?©ã?³ã?? Season1 Original Soundtrack,,0,lossy,1
flowsheet,album_title,id=1391973,è??æ®ºæ©?é?¢,,0,lossy,1
flowsheet,album_title,id=2333265,è?¡æ??äº?æ?³,,0,lossy,1
flowsheet,album_title,id=1215554,é?³å½±,,0,lossy,1
flowsheet,album_title,id=1343436,ì?¸ê¸° ì ?ì??ì?? ë?¬ë¦¬ë?? ì?¬ë?¬ë¶?ì?? (Beautiful Doll),,0,lossy,1
flowsheet,album_title,id=2523074,ï¿½?Î¯Î»Î± ï¿½?Î¿ï¿½? ï¿½?Î¿ï¿½?Î¼Î¬Î»,,0,lossy,1
flowsheet,album_title,id=1509586,ð??? (x),,0,lossy,1
flowsheet,artist_name,id=2520152,AiÌ?chata SidibeÌ?,,0,lossy,1
flowsheet,artist_name,id=1728144,AÅ?Ä±k Veysel Å?atÄ±roÄ?lu,,0,lossy,1
flowsheet,artist_name,id=1204875,BiSé??æ®µ [BiS Kaidan],,0,lossy,1
flowsheet,artist_name,id=1343914,Brain Fâ?,,0,lossy,1
flowsheet,artist_name,id=2560949,Brother â??Dâ?? With Collective Effort,,0,lossy,1
flowsheet,artist_name,id=1560687,Cat Power â??,,0,lossy,1
flowsheet,artist_name,id=2021939,Chouk Bwa & The AÌ?ngstromers,,0,lossy,1
flowsheet,artist_name,id=1207488,Cool Quartet With Lina Nyberg Featuring Ã?ric La Casa,,0,lossy,1
flowsheet,artist_name,id=2411917,Daniel Ã?gren,,0,lossy,1
flowsheet,artist_name,id=1264079,Deep Listening Band With Joe McPhee & Randy Raine-Reusch â??,,0,lossy,1
flowsheet,artist_name,id=1962307,Disciplina KiÄ?me,,0,lossy,1
flowsheet,artist_name,id=2513243,"Dlala Thukzin, MÃ?RDA, Azana",,0,lossy,1
flowsheet,artist_name,id=1159290,Ekoplekz â??,,0,lossy,1
flowsheet,artist_name,id=2055474,Fishermanâ??s Blues,,0,lossy,1
flowsheet,artist_name,id=1698195,Georgia Kelly & DuÅ¡an BogdanoviÄ?,,0,lossy,1
flowsheet,artist_name,id=1172061,GroÃ?er Kackhaufen,,0,lossy,1
flowsheet,artist_name,id=2521195,Grâ?¯unå?? + Kabamix,,0,lossy,1
flowsheet,artist_name,id=2299950,HÃ?H,,0,lossy,1
flowsheet,artist_name,id=1755930,Josefin Ã?hrn + The Liberation,,0,lossy,1
flowsheet,artist_name,id=1897376,JoË?ao Gilberto,,0,lossy,1
flowsheet,artist_name,id=1244374,Julia Holter <3 <3 <3 <3 <3 <3 <3 <3 <3 â??,,0,lossy,1
flowsheet,artist_name,id=1225549,KazÄ?* & 9th Wonder,,0,lossy,1
flowsheet,artist_name,id=1885820,LOOÎ Î?,,0,lossy,1
flowsheet,artist_name,id=1522162,MAZZMELANCOLIÃ?,,0,lossy,1
flowsheet,artist_name,id=2010500,MalÄ?ika,,0,lossy,1
flowsheet,artist_name,id=1695160,"Mats Gustafsson, Paal Nilssen-Love, Mesele Asmamaw â??",,0,lossy,1
flowsheet,artist_name,id=1480876,Mike Jackson & The Soul Providers â??â?? The Revenge Of Mister Mopoji,,0,lossy,1
flowsheet,artist_name,id=1407990,Mordecai Zeâ??ev Feierberg/Omri Lernau,,0,lossy,1
flowsheet,artist_name,id=1380532,Nails Ã?v Christ,,0,lossy,1
flowsheet,artist_name,id=2175835,Nisemono å?½è??,,0,lossy,1
flowsheet,artist_name,id=1282594,Peder Mannerfelt â??,,0,lossy,1
flowsheet,artist_name,id=2457902,Princâ?¬ss,,0,lossy,1
flowsheet,artist_name,id=2055464,Quelquâ??un Mâ??a dit,,0,lossy,1
flowsheet,artist_name,id=2569926,"Raphael Roginski, RuÅ¾iÄ?njak Tajni",,0,lossy,1
flowsheet,artist_name,id=1605221,SIBELIUS X NINJA SWORD X FOLKHÃ?LSAN,,0,lossy,1
flowsheet,artist_name,id=1139513,Selda BaÄ?can,,0,lossy,1
flowsheet,artist_name,id=1497634,Sleep â?? Over,,0,lossy,1
flowsheet,artist_name,id=2126890,Spence Collumâ??s Coin Collection,,0,lossy,1
flowsheet,artist_name,id=2495936,Stereo MCâ??s,,0,lossy,1
flowsheet,artist_name,id=2562032,Susumu Yokota (æ¨ªç?°é?²),,0,lossy,1
flowsheet,artist_name,id=2526761,SÄ?o Paulo Underground,,0,lossy,1
flowsheet,artist_name,id=2379902,TGLY â?? Seeb,,0,lossy,1
flowsheet,artist_name,id=2054688,The Blue Ã?yster Cult,,0,lossy,1
flowsheet,artist_name,id=2066811,The Laâ??s,,0,lossy,1
flowsheet,artist_name,id=1928279,Thu Hiá»?n,,0,lossy,1
flowsheet,artist_name,id=2430337,TÃ?yen,,0,lossy,1
flowsheet,artist_name,id=1187364,Vito Tommaso / Stefano Torossi â??,,0,lossy,1
flowsheet,artist_name,id=1873197,Weâ?¢,,0,lossy,1
flowsheet,artist_name,id=2368496,White Mice -â?? Typical Girls,,0,lossy,1
flowsheet,artist_name,id=1995634,Zdenka KovaÄ?iÄ?ek,,0,lossy,1
flowsheet,artist_name,id=1744251,Zimpelâ??/â??ZioÅ?ek,,0,lossy,1
flowsheet,artist_name,id=2052146,adam rudolphâ??s moving pictures,,0,lossy,1
flowsheet,artist_name,id=2089352,alexander â??skipâ?? spence,,0,lossy,1
flowsheet,artist_name,id=2089354,dawn mccarthy & bonnie â??princeâ?? billy,,0,lossy,1
flowsheet,artist_name,id=2071228,marc ribotâ??s ceramic dog,,0,lossy,1
flowsheet,artist_name,id=2355007,taâ?¢sso,,0,lossy,1
flowsheet,artist_name,id=2519841,}ï¿½?{ Louise Boghossian and Romain Vasset,,0,lossy,1
flowsheet,artist_name,id=2358275,¿Teo?,,0,lossy,1
flowsheet,artist_name,id=2469854,Ã? (Mika Vainio),,0,lossy,1
flowsheet,artist_name,id=2347497,Ã?dith Piaf,,0,lossy,1
flowsheet,artist_name,id=2248140,Ã?eyr,,0,lossy,1
flowsheet,artist_name,id=2505316,Ã?frica Negra,,0,lossy,1
flowsheet,artist_name,id=2175430,Ã?frics Negra,,0,lossy,1
flowsheet,artist_name,id=2321693,Ã?laine Radigue,,0,lossy,1
flowsheet,artist_name,id=2022760,Ã?tzi,,0,lossy,1
flowsheet,artist_name,id=1644469,Î?Î­Î½Î± Î Î»Î¬Ï?Ï?Î½Î¿Ï?,,0,lossy,1
flowsheet,artist_name,id=1916273,Ð?Ð¨,,0,lossy,1
flowsheet,artist_name,id=1755944,Ð?Ð¨ (Glintshake),,0,lossy,1
flowsheet,artist_name,id=2142277,Ð?ÐµÑ?Ð½Ð°,,0,lossy,1
flowsheet,artist_name,id=2538922,"Ð?Ð»Ð°Ð´Ð¸Ð¼Ð¸Ñ? Ð?ÐµÐ²Ð¸, Ð?Ð¸Ð¼ Ð?Ñ?ÐµÐ¹Ñ?Ð±Ñ?Ñ?Ð³",,0,lossy,1
flowsheet,artist_name,id=1551964,Ð?Ñ?Ð±Ð¾Ð²Ñ?Ð¹ Ð?Ð°Ð°Ð¹Ñ?,,0,lossy,1
flowsheet,artist_name,id=2452245,Ð¸Ñ?Ñ?Ð¾Ñ?Ð½Ð¸Ðº,,0,lossy,1
flowsheet,artist_name,id=2337949,Ñ?Ð¿Ð°Ñ?Ð¼Ð¾,,0,lossy,1
flowsheet,artist_name,id=2529857,Ø§Ù?Ø«Ù?Ø¨ Ø§Ù?Ù?Ø·Ø±Ø²,,0,lossy,1
flowsheet,artist_name,id=2402171,Ø«Ù?Ø±Ù? Ø«Ù?Ø±Ù?,,0,lossy,1
flowsheet,artist_name,id=1157398,â?? â??,,0,lossy,1
flowsheet,artist_name,id=1958739,ã??ã?? (Meme),,0,lossy,1
flowsheet,artist_name,id=1759079,ã??ã?¯ã?­ã?¹MACROSS 82-99 â??,,0,lossy,1
flowsheet,artist_name,id=1954028,ã?¦ã?¯ã??ã?½ã?©,,0,lossy,1
flowsheet,artist_name,id=1523546,ã?³ã?³ã?·ã?£ã?¹THOUGHTS,,0,lossy,1
flowsheet,artist_name,id=2541684,å ?æ±?ç?±è¡£,,0,lossy,1
flowsheet,artist_name,id=2555799,å°?ç??è²´è£?,,0,lossy,1
flowsheet,artist_name,id=1479552,ç??ç¾?é³¥ Ulithi Empress Yonaguni San,,0,lossy,1
flowsheet,artist_name,id=1652269,ì??ì?¬ë²?,,0,lossy,1
flowsheet,record_label,id=1596060,0 To 1 Recordings â??,,0,lossy,1
flowsheet,record_label,id=1988686,1Ã? Pills Mate,,0,lossy,1
flowsheet,record_label,id=2305651,ANTIâ??,,0,lossy,1
flowsheet,record_label,id=2307657,ARS; SBKâ??/â??EMI Recordsâ??,,0,lossy,1
flowsheet,record_label,id=1273101,Aragorn â??,,0,lossy,1
flowsheet,record_label,id=1768194,Ascetic House â??,,0,lossy,1
flowsheet,record_label,id=2039081,Boominati; Republicâ??,,0,lossy,1
flowsheet,record_label,id=1490993,Dolor Del Estamago â??,,0,lossy,1
flowsheet,record_label,id=1670634,E.A.R.S. (EAâ?¢ Recordings),,0,lossy,1
flowsheet,record_label,id=1185071,Edition Giannozzo Berlin â??,,0,lossy,1
flowsheet,record_label,id=1584550,Empreintes DIGITALes â??,,0,lossy,1
flowsheet,record_label,id=2039053,Hear Music/â??Concord Music Groupâ??,,0,lossy,1
flowsheet,record_label,id=2270173,Kedar; â??Universalâ??,,0,lossy,1
flowsheet,record_label,id=1808841,LMGROVLLUM â??â?? 03,,0,lossy,1
flowsheet,record_label,id=1637244,Magnificent Butcher Productions â??,,0,lossy,1
flowsheet,record_label,id=1540503,Maria de Alvear World Edition â??,,0,lossy,1
flowsheet,record_label,id=1326141,Marine Parade â??,,0,lossy,1
flowsheet,record_label,id=1514048,Money $ex Records â??,,0,lossy,1
flowsheet,record_label,id=1264078,Nashazphone â??,,0,lossy,1
flowsheet,record_label,id=2279966,Parlophone (UK); â??Virginâ?? (US)â??,,0,lossy,1
flowsheet,record_label,id=1540933,Passion And Torment Series â??,,0,lossy,1
flowsheet,record_label,id=1134811,Pluxemburg â?? CDPLU 2,,0,lossy,1
flowsheet,record_label,id=1523308,Reue Um Reue â??,,0,lossy,1
flowsheet,record_label,id=2284798,Rubyworks; â??Islandâ??; â??Columbiaâ??,,0,lossy,1
flowsheet,record_label,id=2036731,Sonovox; Mergeâ??,,0,lossy,1
flowsheet,record_label,id=2347489,Sony Musicâ??,,0,lossy,1
flowsheet,record_label,id=1200321,Temporary Residence Limited â??,,0,lossy,1
flowsheet,record_label,id=1639917,Zabriskie Point â??,,0,lossy,1
flowsheet,record_label,id=886680,¿What Next?,,0,lossy,1
flowsheet,record_label,id=1389462,Ã?tergap Productions,,0,lossy,1
flowsheet,record_label,id=1260771,Ð?Ð°Ð²Ð¸Ð³Ð°Ñ?Ð¾Ñ?,,0,lossy,1
flowsheet,record_label,id=1306641,Ð?Ð°Ð»ÐºÐ°Ð½Ñ?Ð¾Ð½,,0,lossy,1
flowsheet,record_label,id=1772209,Ð?ÐµÐ»Ð¾Ð´Ð¸Ñ?,,0,lossy,1
flowsheet,record_label,id=1551964,Ð­Ð»Ð¸Ð°Ñ? Records,,0,lossy,1
flowsheet,record_label,id=2367552,Ù?Ø³ØªÙ?Ù?,,0,lossy,1
flowsheet,record_label,id=2448400,ã?­ã?£ã??ã?ªã?³,,0,lossy,1
flowsheet,record_label,id=1588438,ä¸­å?½å?±ç?? â??,,0,lossy,1
flowsheet,record_label,id=1853616,å?¬æ¨¹ç¤¾,,0,lossy,1
flowsheet,record_label,id=1887685,å­?å¹?ã?¹ã?¼ã??ã?¼,,0,lossy,1
flowsheet,record_label,id=2071467,ì??ì§?ë®¤ì§?,,0,lossy,1
flowsheet,track_title,id=2063649,'Î?Ï?Ï?Ï?ÎµÏ? Î¤Î¿ Î?Î±Î»Î¿ÎºÎ±Î¯Ï?Î¹ (Summer Loves),,0,lossy,1
flowsheet,track_title,id=2342334,(Bits of) Wood â?? Remington Rand,,0,lossy,1
flowsheet,track_title,id=1644807,(I Rest) Ø¹Ù?Ø±Ù? Ø§Ù?Ø¨Ø§Ù?Ù?,,0,lossy,1
flowsheet,track_title,id=2555798,2 LÃ?VE,,0,lossy,1
flowsheet,track_title,id=1161480,2 Variations En Ã?toile (1970),,0,lossy,1
flowsheet,track_title,id=1449107,"2 oder, 3 Dinge, die ich von dir weiÃ?",,0,lossy,1
flowsheet,track_title,id=2047707,4 Ã?M,,0,lossy,1
flowsheet,track_title,id=2397244,4Ã?M,,0,lossy,1
flowsheet,track_title,id=2585820,?Qué Comemos?,,0,lossy,1
flowsheet,track_title,id=2060411,A Military Alphabet (five eyes all blind) (4521.0kHz 6730.0kHz 4109.09kHz) / Jobâ??s Lament / First of the Last Glaciers / where,,0,lossy,1
flowsheet,track_title,id=2385764,A1 â?? A2,,0,lossy,1
flowsheet,track_title,id=2344459,A3. ì??ë§? (avec Ji Min Park),,0,lossy,1
flowsheet,track_title,id=2514267,Ainâ??t No Grave,,0,lossy,1
flowsheet,track_title,id=2081932,Allen Gauff Jr. and his Combo - I Donâ??t Want To Be Alone,,0,lossy,1
flowsheet,track_title,id=2350181,Alothea-â??Black Orchid,,0,lossy,1
flowsheet,track_title,id=2380808,Amen...Ra? â?? Stolen Legacy,,0,lossy,1
flowsheet,track_title,id=1982883,Anata mo sutÄ? ni nareru (You can also become a star),,0,lossy,1
flowsheet,track_title,id=2363492,Another Thing â?? Couch Cushion,,0,lossy,1
flowsheet,track_title,id=1865111,Aska â?? Busshallplats,,0,lossy,1
flowsheet,track_title,id=2376747,Astrak Field Guide â?? Glitch Mirror,,0,lossy,1
flowsheet,track_title,id=2077093,Avo Haroutiounian â?? Tears On My Eyes,,0,lossy,1
flowsheet,track_title,id=2541475,Aynala Bulaâ±ª Base-TeÌ?ng,,0,lossy,1
flowsheet,track_title,id=2365458,BOF â?? A Time To Listen,,0,lossy,1
flowsheet,track_title,id=2048487,Baby Iâ??m Yours,,0,lossy,1
flowsheet,track_title,id=2340530,Baby Please Donâ??t Go,,0,lossy,1
flowsheet,track_title,id=2349501,Beauty is a Bowtie (HTDW) â?? The Power of Pussy,,0,lossy,1
flowsheet,track_title,id=2271676,Beige Days (Ð?ÐµÐ¶ÐµÐ²Ñ?Ðµ Ð´Ð½Ð¸),,0,lossy,1
flowsheet,track_title,id=2365006,Belle â?? Loving You,,0,lossy,1
flowsheet,track_title,id=1857137,Besta Ã? Tu,,0,lossy,1
flowsheet,track_title,id=2363154,Bluff â?? Altadena,,0,lossy,1
flowsheet,track_title,id=2063376,Breakfast at Tiffanyâ??s,,0,lossy,1
flowsheet,track_title,id=2346546,Breath of a Spiritual â?? Prayer â?? Prayer Meeting â?? Ma Lord,,0,lossy,1
flowsheet,track_title,id=2369789,Britz Wut Breakdown â?? Wut Track â?? Da Hey Hey Jumpoff,,0,lossy,1
flowsheet,track_title,id=1471456,CD Factory / á??á?³á??á?¡á??á?¡,,0,lossy,1
flowsheet,track_title,id=1344277,Cadê o Anel?,,0,lossy,1
flowsheet,track_title,id=2482697,Caporal â??Apnaqkaya Titiâ??,,0,lossy,1
flowsheet,track_title,id=2081930,Caraâ??s Waltz,,0,lossy,1
flowsheet,track_title,id=2538532,Cha Cha Chá ¿A Quien le Creo?,,0,lossy,1
flowsheet,track_title,id=2063367,Cheesinâ??,,0,lossy,1
flowsheet,track_title,id=2126907,Christmas Rappinâ??,,0,lossy,1
flowsheet,track_title,id=1680650,Circles from the Rue Simon â?? Crubellier,,0,lossy,1
flowsheet,track_title,id=740155,Cires gravées ? l'ensemble de Cadillac (1988),,0,lossy,1
flowsheet,track_title,id=2362278,Cosmos-â?? Space Lion,,0,lossy,1
flowsheet,track_title,id=2356755,Crickets â?? The Light,,0,lossy,1
flowsheet,track_title,id=1607588,Criminal > Mis Ojos > La Sociedad > ¿Kevas Hacer?,,0,lossy,1
flowsheet,track_title,id=2463118,DESPERTEMOS EN AMÃ?RICA,,0,lossy,1
flowsheet,track_title,id=2545568,Daâ??a Adeema,,0,lossy,1
flowsheet,track_title,id=2375056,Default Standard -â?? Securitization of Eel,,0,lossy,1
flowsheet,track_title,id=2397527,Det som aldrig forandrasâ??Kristallen den fina,,0,lossy,1
flowsheet,track_title,id=928898,Die schöne Müllerin ~ Wohin?,,0,lossy,1
flowsheet,track_title,id=2560950,Donâ??t Be Seen With Me,,0,lossy,1
flowsheet,track_title,id=2048501,Donâ??t Delete The Kisses,,0,lossy,1
flowsheet,track_title,id=2048688,Donâ??t Let Me Be Lonely Tonight,,0,lossy,1
flowsheet,track_title,id=2087217,Donâ??t Stop,,0,lossy,1
flowsheet,track_title,id=2048673,Donâ??t Worry Baby,,0,lossy,1
flowsheet,track_title,id=2046455,Donâ??t let the sun catch you cryinâ??,,0,lossy,1
flowsheet,track_title,id=2355666,Double-dutch -â?? Attack of the Killer Penguins,,0,lossy,1
flowsheet,track_title,id=2345476,"Dream of 1,000 Cats â?? Burglary in Belvedere",,0,lossy,1
flowsheet,track_title,id=910105,Dívka na Ko?t&#283;ti,,0,lossy,1
flowsheet,track_title,id=2345331,Edge of The Ocean -â?? Blame It On Yourself,,0,lossy,1
flowsheet,track_title,id=2379902,El Waili â?? Riff,,0,lossy,1
flowsheet,track_title,id=1163583,Ela Ã? Carioca,,0,lossy,1
flowsheet,track_title,id=2378223,Em Direcao Ao Sul â?? O Bicho Anda Por Ai,,0,lossy,1
flowsheet,track_title,id=2566899,Eï¬?orescence,,0,lossy,1
flowsheet,track_title,id=2381089,Fever â?? Torch,,0,lossy,1
flowsheet,track_title,id=2085557,Fishermanâ??s Blues,,0,lossy,1
flowsheet,track_title,id=2342610,From Death Row â?? War on the Poor,,0,lossy,1
flowsheet,track_title,id=2083709,FroÅ?e Garden,,0,lossy,1
flowsheet,track_title,id=670438,Für Wem Sind Die Blumen?,,0,lossy,1
flowsheet,track_title,id=137458,Für Wen Sind Die Blumen?,,0,lossy,1
flowsheet,track_title,id=2447956,GREY RUBBLE â?? GREEN SHOOTS,,0,lossy,1
flowsheet,track_title,id=1479552,Gaia Saver äº?è?²å?°å?³ã??ã?°ã?¶ã?¼ã??ã?¹ã??Dreaming Girl14,,0,lossy,1
flowsheet,track_title,id=2371741,God Hour ft. Mica Levi â?? N.A.Z.,,0,lossy,1
flowsheet,track_title,id=1844943,Going Through The Veil â?? Becoming A Swan,,0,lossy,1
flowsheet,track_title,id=2366881,Grog -â?? Goes w/o Saying,,0,lossy,1
flowsheet,track_title,id=2126915,Hang Up Your Stockinâ??,,0,lossy,1
flowsheet,track_title,id=2317636,He Mele Hulu No Kapiâ??olani I Mololani,,0,lossy,1
flowsheet,track_title,id=2242065,Heartâ??It's a Lovebeat,,0,lossy,1
flowsheet,track_title,id=2345298,Homeward Bound â?? America,,0,lossy,1
flowsheet,track_title,id=1269718,Hommage Ã? Noir (Single Mix),,0,lossy,1
flowsheet,track_title,id=2276642,How Can You Live If You Canâ??t Love How Can You If You Do,,0,lossy,1
flowsheet,track_title,id=2326558,I Canâ??t Believe That Weâ??re Together,,0,lossy,1
flowsheet,track_title,id=2514264,I Feel Like Dancinâ??,,0,lossy,1
flowsheet,track_title,id=2569493,I KU'U WA LI'I LI'I (L'Ã?PAULE FROIDE),,0,lossy,1
flowsheet,track_title,id=2382162,I Still Miss Someone â?? Cocaine Blues,,0,lossy,1
flowsheet,track_title,id=1901136,I'll Fly Away > â?¦ > No News is Good News,,0,lossy,1
flowsheet,track_title,id=1317015,II [É?iu:-adi-dia],,0,lossy,1
flowsheet,track_title,id=2382544,Ich weiÃ? warum,,0,lossy,1
flowsheet,track_title,id=2373032,If Are You Master -â?? Love Dawn,,0,lossy,1
flowsheet,track_title,id=1918830,Ife L'Å?ju L'aiye,,0,lossy,1
flowsheet,track_title,id=2046570,In The Morning Iâ??ll Be Better,,0,lossy,1
flowsheet,track_title,id=2182505,In Ã?land Air,,0,lossy,1
flowsheet,track_title,id=2366806,Interview (understanding the blues) -â?? The Very Thought of You,,0,lossy,1
flowsheet,track_title,id=2383246,Into the Groves â?? Warm Pathways,,0,lossy,1
flowsheet,track_title,id=2364776,Intro â?? Last Living Souls,,0,lossy,1
flowsheet,track_title,id=2344862,Intro-lude â?? Creep,,0,lossy,1
flowsheet,track_title,id=2005642,Isto aquí o que é?,,0,lossy,1
flowsheet,track_title,id=2372218,It's Steeper Near The Roses â?? L'engant Perdu,,0,lossy,1
flowsheet,track_title,id=2077960,Itâ??s Oh So Quiet,,0,lossy,1
flowsheet,track_title,id=2081954,Iâ??ll Never Stop Loving You,,0,lossy,1
flowsheet,track_title,id=2032418,Iâ??ll be doggone,,0,lossy,1
flowsheet,track_title,id=2326559,Iâ??m A Wicked One,,0,lossy,1
flowsheet,track_title,id=2516672,Iâ??m Going Away,,0,lossy,1
flowsheet,track_title,id=2046583,Iâ??m Gonna Tear Your Playhouse Down,,0,lossy,1
flowsheet,track_title,id=2048491,Iâ??m Not In Love,,0,lossy,1
flowsheet,track_title,id=2076000,Iâ??m Not Sayin,,0,lossy,1
flowsheet,track_title,id=2081945,Iâ??m Not There,,0,lossy,1
flowsheet,track_title,id=2048490,Iâ??ve Been Loving You Too Long,,0,lossy,1
flowsheet,track_title,id=2071233,Kathyâ??s song,,0,lossy,1
flowsheet,track_title,id=1309181,Kol Ä?llÄ? Qalboh Ä?nkawÄ? (Everyone Has Had A Broken Heart),,0,lossy,1
flowsheet,track_title,id=1419280,L'Ã?toile Absinthe (2002),,0,lossy,1
flowsheet,track_title,id=2022516,L'Ã?tranger (Ana Gharib),,0,lossy,1
flowsheet,track_title,id=1238149,L'Å?il Ã?coute (1970),,0,lossy,1
flowsheet,track_title,id=1540861,L(â?? 0 w 0 â??)â??    (track 3),,0,lossy,1
flowsheet,track_title,id=2344241,La Llorona â?? Princess Mononoke Theme Song,,0,lossy,1
flowsheet,track_title,id=2361860,La Musique Du Cï¿½?ur,,0,lossy,1
flowsheet,track_title,id=2010470,La mÄ«n shÄ?f wala mÄ«n dere,,0,lossy,1
flowsheet,track_title,id=2058339,"Le Desordre, Câ??est Moi",,0,lossy,1
flowsheet,track_title,id=1187517,Les Ã?mois D'Aphrodite,,0,lossy,1
flowsheet,track_title,id=2044513,Letâ??s Dance Raw,,0,lossy,1
flowsheet,track_title,id=2374804,Letâ??s Dance to Joy Division,,0,lossy,1
flowsheet,track_title,id=2481732,Letâ??s Keep It Between Us (rehearsal),,0,lossy,1
flowsheet,track_title,id=2340562,Letâ??s Rock,,0,lossy,1
flowsheet,track_title,id=2432441,Lifeâ??s Gone Down Low,,0,lossy,1
flowsheet,track_title,id=2357347,"Little Q, Pt1â??Interlude",,0,lossy,1
flowsheet,track_title,id=2351245,Long Distance Runaround â?? The Fish (Shindleria Praematurus),,0,lossy,1
flowsheet,track_title,id=2284927,Lâ??Amour Toujours,,0,lossy,1
flowsheet,track_title,id=2232065,MVCHNGRLâ??ZMVCHNGRL,,0,lossy,1
flowsheet,track_title,id=1441483,"MaicÄ?, mÄ?iculiÈ?a mea (Mother, My Little Mama)",,0,lossy,1
flowsheet,track_title,id=2561866,Mamehy - Je Mitsiko Ro Mokotse (â??Those Who Talk Dirty Behind Your Back Tire Themselves Out for Nothingâ??),,0,lossy,1
flowsheet,track_title,id=2367808,Manada â?? One Night Stand,,0,lossy,1
flowsheet,track_title,id=2370731,Martin Fierro â?? Quien?,,0,lossy,1
flowsheet,track_title,id=2432431,Maâ??Ibnat,,0,lossy,1
flowsheet,track_title,id=2358232,Melodikka â?? Any Day Now,,0,lossy,1
flowsheet,track_title,id=1920740,Miért múlik el minden álom?,,0,lossy,1
flowsheet,track_title,id=2368496,Mo-Dettes--â?? Slits,,0,lossy,1
flowsheet,track_title,id=2367825,Montezuma's Revenge â?? Shake and Stomp,,0,lossy,1
flowsheet,track_title,id=2287452,Most Likely You Go Your Way (And Iâ??ll Go Mine),,0,lossy,1
flowsheet,track_title,id=2560948,Mr. Kirkâ??s Nightmare (10â?? Energize â??96 Mix),,0,lossy,1
flowsheet,track_title,id=1780476,"Munayé <p> <img src=""https://scontent-iad3-1.xx.fbcdn.net/v/t34.0-12/22330911_10201728103829868_51929691_n.jpg?_nc_cat=0&oh=ad33",,0,lossy,1
flowsheet,track_title,id=2351353,My Invisible ((Ð?Ð½Ðµ Ð¼Ð¾Ð¶Ð½Ð¾),,0,lossy,1
flowsheet,track_title,id=2048679,My Stoveâ??s On Fire,,0,lossy,1
flowsheet,track_title,id=2369248,Nangs -â?? The Moment,,0,lossy,1
flowsheet,track_title,id=2517197,Neâ??naa Alnesyan,,0,lossy,1
flowsheet,track_title,id=1485404,Nightmares On Wax  What Iâ??m Feelin (Rae + Christian Mix),,0,lossy,1
flowsheet,track_title,id=2450384,No Se Ve Desde AcaÌ?,,0,lossy,1
flowsheet,track_title,id=2046471,Nothinâ??,,0,lossy,1
flowsheet,track_title,id=2154733,NÄ?o Consegues,,0,lossy,1
flowsheet,track_title,id=2371274,Oh Papa â?? Without a Song,,0,lossy,1
flowsheet,track_title,id=2372478,"Oh, ¿Qué Será?",,0,lossy,1
flowsheet,track_title,id=2009860,"Orchestre MeÌ?canique Avec Escalier Roulant / Brussels-Japon / Danses de Salon, Divers Vertiges / Seconde Ambassade / Lounge, Lo",,0,lossy,1
flowsheet,track_title,id=2441349,Outâ??A The Box (crazy club dub),,0,lossy,1
flowsheet,track_title,id=2366171,Overture â?? Punch Drunk Melody,,0,lossy,1
flowsheet,track_title,id=2385219,Overture â?? Say You Love Me,,0,lossy,1
flowsheet,track_title,id=2325521,Où est passée ton âme?,,0,lossy,1
flowsheet,track_title,id=2046453,Parkerâ??s band,,0,lossy,1
flowsheet,track_title,id=827548,"Parmak Çocuk, Part I (197?)",,0,lossy,1
flowsheet,track_title,id=2370737,Pauseâ??Lifted,,0,lossy,1
flowsheet,track_title,id=1761673,Por qué te escondes del amor?,,0,lossy,1
flowsheet,track_title,id=2353125,Prends le temps d'encounter â?? Une petite fleur,,0,lossy,1
flowsheet,track_title,id=2359762,Pressed Bar Blues -â?? Motorcycle Slop,,0,lossy,1
flowsheet,track_title,id=1790438,Prologue -> Tour de France Ã?tape 1,,0,lossy,1
flowsheet,track_title,id=710701,Puccini: La Boheme ~ Addio! Che Vai? . . . Donde Lieta Uscì,,0,lossy,1
flowsheet,track_title,id=2002095,QawwÄ?lÄ«,,0,lossy,1
flowsheet,track_title,id=2274603,Que Tendré Yo? (What's the Matter with Me?),,0,lossy,1
flowsheet,track_title,id=2085551,Quelquâ??un Mâ??a Dit,,0,lossy,1
flowsheet,track_title,id=1838659,Quién?,,0,lossy,1
flowsheet,track_title,id=2504499,Qvaris Theme â?? Boreal Gluts,,0,lossy,1
flowsheet,track_title,id=2482692,Qâ??iwanakax-Qâ??iwsanakax Utjxiwa,,0,lossy,1
flowsheet,track_title,id=981032,R. Strauss: Schläft sie?,,0,lossy,1
flowsheet,track_title,id=2360960,Red Sleeves â?? Someone to Watch Over Me,,0,lossy,1
flowsheet,track_title,id=2046452,Relaxinâ?? at camarillo,,0,lossy,1
flowsheet,track_title,id=2048667,Runninâ??,,0,lossy,1
flowsheet,track_title,id=2418253,RÄ?ga Gaud SÄ?rang (ChartÄ?l),,0,lossy,1
flowsheet,track_title,id=2430772,RÄ?ga MiyÄ?n kÄ« TodÄ«,,0,lossy,1
flowsheet,track_title,id=1616907,SEX æ?§,,0,lossy,1
flowsheet,track_title,id=2482701,Salay â??Titi Châ??iri Siqititiâ??,,0,lossy,1
flowsheet,track_title,id=2344845,"Scared Money -â?? Easy Come, Easy Go --â?? Little Suzie",,0,lossy,1
flowsheet,track_title,id=2403419,ScheiÃ?e,,0,lossy,1
flowsheet,track_title,id=2079950,Schoolâ??s Out,,0,lossy,1
flowsheet,track_title,id=1837603,Se Tinha De Ser Com VocÄ?,,0,lossy,1
flowsheet,track_title,id=2349473,Selfless Johnny â??> Its Ok,,0,lossy,1
flowsheet,track_title,id=2371717,Seven Seals of Affirmation â?? Walls of Jericho,,0,lossy,1
flowsheet,track_title,id=2370290,Sharkeys Night-â?? Langue D'Amour,,0,lossy,1
flowsheet,track_title,id=2513706,Shehzadi - à¤¶à¤¹à¤?à¤¼à¤¾à¤¦à¥?,,0,lossy,1
flowsheet,track_title,id=2063390,Sheâ??s Electric,,0,lossy,1
flowsheet,track_title,id=2057187,Sheâ??s My Baby,,0,lossy,1
flowsheet,track_title,id=2062233,Sheâ??s leaving town,,0,lossy,1
flowsheet,track_title,id=2494102,"Sim, NÄ?o.",,0,lossy,1
flowsheet,track_title,id=2489770,"Sim, NÇ?o",,0,lossy,1
flowsheet,track_title,id=2556229,Sky Kisses (Ð½Ð° Ñ?Ð°Ð½Ñ?Ð¿Ð¾Ð»Ðµ),,0,lossy,1
flowsheet,track_title,id=2272795,Skying High (Getting Off On Your Lovinâ??),,0,lossy,1
flowsheet,track_title,id=2046559,Slow Talkinâ??,,0,lossy,1
flowsheet,track_title,id=2057199,So Hot Youâ??re Hurting My Feelings,,0,lossy,1
flowsheet,track_title,id=2063363,So Hot Youâ??re Hurting My Feelings (A.G Cook Remix),,0,lossy,1
flowsheet,track_title,id=2357602,Somebody Made For Me â?? You Take the Dark Out of the Night,,0,lossy,1
flowsheet,track_title,id=2048474,Somethinâ?? Stupid,,0,lossy,1
flowsheet,track_title,id=2508768,Strauss - Zwischenspiel aus â??Capriccioâ?? - Interlude,,0,lossy,1
flowsheet,track_title,id=2542885,"Stto duÅ¾e gledasr, viÅ¡e lepotÄ? vidiÅ¡",,0,lossy,1
flowsheet,track_title,id=2063370,Suite pour lâ??invisible,,0,lossy,1
flowsheet,track_title,id=2048662,Surfinâ?? USSR,,0,lossy,1
flowsheet,track_title,id=2058871,T/T -->  ã??ã?£ã??ã?¾ã?§æ³£ã??ã?¦ã??ã?®ã?¯èª°ã? ï¼?,,0,lossy,1
flowsheet,track_title,id=2340518,Take Me Avalon Iâ??m Young,,0,lossy,1
flowsheet,track_title,id=1762945,Takusa Saimon = æ??è??ç¥­æ?? Part 1,,0,lossy,1
flowsheet,track_title,id=2055470,Talkinâ?? Bout A Revolution,,0,lossy,1
flowsheet,track_title,id=2369781,Tango â?? Cake Decorator,,0,lossy,1
flowsheet,track_title,id=2432440,Tell Me Iâ??m Dreaming,,0,lossy,1
flowsheet,track_title,id=2367807,The Clothes You Left â?? Flinging,,0,lossy,1
flowsheet,track_title,id=2341144,The Negro transforms Americaâ??â??â??s image of him into a transport of Joy!,,0,lossy,1
flowsheet,track_title,id=2340529,The Wind is Blowinâ??,,0,lossy,1
flowsheet,track_title,id=2235976,There Goes Rhyminâ?? Simon,,0,lossy,1
flowsheet,track_title,id=2055478,These Boots Are Made For Walkinâ??,,0,lossy,1
flowsheet,track_title,id=2085570,Together Weâ??ll Be Fine,,0,lossy,1
flowsheet,track_title,id=2348960,Underground -â?? Backalley,,0,lossy,1
flowsheet,track_title,id=1918130,Unto AA Un CaÅ?avesal,,0,lossy,1
flowsheet,track_title,id=1927737,Versuch einer Ã?bersicht -> Kristallische Bindung,,0,lossy,1
flowsheet,track_title,id=837945,Wagner: Dies alles - hab' ich nun geträumt?,,0,lossy,1
flowsheet,track_title,id=2383231,Walk Around - Hang My Head â?? 3 Medallions,,0,lossy,1
flowsheet,track_title,id=2380174,Walk Around - Hang My Head â?? 3 Medallions â?? Beautiful Boy,,0,lossy,1
flowsheet,track_title,id=2063375,"Walk, Donâ??t Run",,0,lossy,1
flowsheet,track_title,id=2341706,Watching Clouds â?? Infinite Snow,,0,lossy,1
flowsheet,track_title,id=2032427,We donâ??t care,,0,lossy,1
flowsheet,track_title,id=1956600,WeiÃ?ensee,,0,lossy,1
flowsheet,track_title,id=1919522,What About the 37°?,,0,lossy,1
flowsheet,track_title,id=2464891,Where There's A Willâ??There's a Way,,0,lossy,1
flowsheet,track_title,id=2273118,Where's the Catch? (feat. André 3000),,0,lossy,1
flowsheet,track_title,id=2380929,Wild Flower â?? Pensativa,,0,lossy,1
flowsheet,track_title,id=2432428,Witches â??85,,0,lossy,1
flowsheet,track_title,id=2145030,WokoÌ?Å? Nas,,0,lossy,1
flowsheet,track_title,id=1738830,Wounded Manâ??yo 2/2000,,0,lossy,1
flowsheet,track_title,id=2363549,Yeh Jo Halka Halka â?? Ruk pe rehmat ka â?? Be wafa â?? Meri saqi saqi yeh,,0,lossy,1
flowsheet,track_title,id=1683145,"Yellowstone: The First National Park and the Spirit of America â?? The Mountains, Super-Volcano Caldera and Its Ecosystem 1872",,0,lossy,1
flowsheet,track_title,id=2250079,Yo Se Que Tu Quieres (feat. Ã?engo Flow),,0,lossy,1
flowsheet,track_title,id=2380318,Yolo Hot Chicken â?? Fiesta (interlude),,0,lossy,1
flowsheet,track_title,id=2046575,You Didnâ??t Love Me Then,,0,lossy,1
flowsheet,track_title,id=2367843,Young Girl Fever â?? Jupiter,,0,lossy,1
flowsheet,track_title,id=2066788,Youâ??re The Best Thing,,0,lossy,1
flowsheet,track_title,id=2374810,Youâ??ve Got to Have Freedom,,0,lossy,1
flowsheet,track_title,id=2370621,Zlo Uroslo â?? Sanguinis,,0,lossy,1
flowsheet,track_title,id=2282329,Zniszczylas to czy zniszczyÅ?em to ja,,0,lossy,1
flowsheet,track_title,id=1410453,[u:ou-huÉ?É?uo],,0,lossy,1
flowsheet,track_title,id=2342221,angel â?? lose my head,,0,lossy,1
flowsheet,track_title,id=2379910,crisis â?? sears tower,,0,lossy,1
flowsheet,track_title,id=2343812,don't bring a knife to a sword fight -â?? Health for Wealth,,0,lossy,1
flowsheet,track_title,id=2055507,donâ??t let me run,,0,lossy,1
flowsheet,track_title,id=2342566,flower -â?? baby shred,,0,lossy,1
flowsheet,track_title,id=2343509,haaidara â?? yekeke,,0,lossy,1
flowsheet,track_title,id=2052160,iâ??m not in love (live),,0,lossy,1
flowsheet,track_title,id=2352082,kicker â?? salt,,0,lossy,1
flowsheet,track_title,id=2467647,kriti: PankajalÅ?chana pÄ?hi,,0,lossy,1
flowsheet,track_title,id=2342222,leaving whipporwhill â?? spanish harlem,,0,lossy,1
flowsheet,track_title,id=2082322,letâ??s groove tonight,,0,lossy,1
flowsheet,track_title,id=2055514,new yearâ??s dream,,0,lossy,1
flowsheet,track_title,id=2026078,sandrevan lullaby â?? lifestyles,,0,lossy,1
flowsheet,track_title,id=2017844,shÅ?chikubai,,0,lossy,1
flowsheet,track_title,id=2379930,sleep â?? i saw the sun,,0,lossy,1
flowsheet,track_title,id=1890841,uN DouX ViSaGe eT De GRaNDS yeuX Dâ??uN BLeu LuMiNeuX,,0,lossy,1
flowsheet,track_title,id=647528,"un tal bracho, ¿sanjuanero?",,0,lossy,1
flowsheet,track_title,id=2313349,¿Cuánto por la transmisión?,,0,lossy,1
flowsheet,track_title,id=1534314,¿Dónde Están? / Quiero Libertad,,0,lossy,1
flowsheet,track_title,id=617768,¿Por Qué Ella Vino?,,0,lossy,1
flowsheet,track_title,id=2422421,¿Que Bola?,,0,lossy,1
flowsheet,track_title,id=1874969,¿Que Tu Quieres?,,0,lossy,1
flowsheet,track_title,id=1873594,¿Que tu Quieres?,,0,lossy,1
flowsheet,track_title,id=2504131,¿Quien?,,0,lossy,1
flowsheet,track_title,id=1955351,¿Quieres Ser Mi Amante?,,0,lossy,1
flowsheet,track_title,id=2002653,¿Te quedas con él o te vienes conmigo?,,0,lossy,1
flowsheet,track_title,id=1404027,¿Y Tu Ques Has Hecho?,,0,lossy,1
flowsheet,track_title,id=2459369,¿Yellow? / Malvasia,,0,lossy,1
flowsheet,track_title,id=2071871,¿por que ella vino?,,0,lossy,1
flowsheet,track_title,id=2125351,¿que tu quieres? --> Cancion 6,,0,lossy,1
flowsheet,track_title,id=1259530,Ã? Altari Meistarans,,0,lossy,1
flowsheet,track_title,id=2006605,Ã? Isso Ai ft. Carlos,,0,lossy,1
flowsheet,track_title,id=2043974,Ã? Sidarta,,0,lossy,1
flowsheet,track_title,id=1542394,"Ã? Toi Qui Dors (O you, who are sleeping)",,0,lossy,1
flowsheet,track_title,id=2338742,Ã? la vita,,0,lossy,1
flowsheet,track_title,id=2497614,Ã?a Va,,0,lossy,1
flowsheet,track_title,id=2340900,Ã?a c'est Yaya,,0,lossy,1
flowsheet,track_title,id=2080644,Ã?berschneidungen,,0,lossy,1
flowsheet,track_title,id=2535152,Ã?coute,,0,lossy,1
flowsheet,track_title,id=2190324,Ã?dolo (ft. Angelica Garcia),,0,lossy,1
flowsheet,track_title,id=2395426,Ã?gaetis Byrjun,,0,lossy,1
flowsheet,track_title,id=2196395,Ã?na,,0,lossy,1
flowsheet,track_title,id=2299945,Ã?nete a Mi,,0,lossy,1
flowsheet,track_title,id=2075803,Ã?nete a mi,,0,lossy,1
flowsheet,track_title,id=1592045,Ã?phones (2011),,0,lossy,1
flowsheet,track_title,id=2457611,Ã?ta Samba Bom,,0,lossy,1
flowsheet,track_title,id=2344677,Ã?tviklingssang,,0,lossy,1
flowsheet,track_title,id=2562123,Ã?vasion Urbaine,,0,lossy,1
flowsheet,track_title,id=2391437,Ä?aÄ?ak nirvana,,0,lossy,1
flowsheet,track_title,id=2395145,Ä?vÄ?z-e AbÅ«-atÄ?,,0,lossy,1
flowsheet,track_title,id=2354080,Ä?vÄ?z-e bayÄ?t isfahÄ?n,,0,lossy,1
flowsheet,track_title,id=1148446,Ç?Ê?É?É? Ç?Ê?É?×?oÉ?oÉ¥É?,,0,lossy,1
flowsheet,track_title,id=2050525,Î?Î¬Î³Î¹Ï?Ï?ÎµÏ? (Witches),,0,lossy,1
flowsheet,track_title,id=1607565,Î?Î±Î»Î¬Ï?Î¹Î± (Malaria) > Î?Î±'Ï?Î±Î¹ (Na'sai),,0,lossy,1
flowsheet,track_title,id=1660810,Î?Î· Î?Îµ Î¡Ï?Ï?Î¬Ï? (Don't Ask Me) -> Î£Î¼Î¬Ï?Ï? (Smart),,0,lossy,1
flowsheet,track_title,id=1644469,Î?Î¹Î¼Î¬Ï?Î¹Î½ÎµÏ? Î£ÎºÎ¹Î­Ï? Î?Ï?Ï? Î?Ï?Ï?Ï?Ï?Î±Ï?Î·,,0,lossy,1
flowsheet,track_title,id=1267085,"Î?Î½Î´Î¿Î½ / Endon, 2001",,0,lossy,1
flowsheet,track_title,id=1477928,Î Î½Î¹Î³ÎµÏ?Î® Î?Î±Ï?Î±Ï?Î½Î¹Î¬,,0,lossy,1
flowsheet,track_title,id=2452244,"Ð?Ð°ÐºÑ?Ð¾Ð¹ Ð?Ð° Ð?Ð½Ð¾Ð¹ Ð?Ð²ÐµÑ?Ñ?, Ð¯ Ð£Ñ?Ð¾Ð¶Ñ? (Shut The Door Behind Me)",,0,lossy,1
flowsheet,track_title,id=2115588,Ð?Ð°Ñ? = You,,0,lossy,1
flowsheet,track_title,id=2176832,Ð?Ð°Ñ?ÐºÐ° Ñ?Ð¸Ð³Ð°Ñ?ÐµÑ?,,0,lossy,1
flowsheet,track_title,id=1817194,Ð?Ð´Ð¸Ð½ (2012),,0,lossy,1
flowsheet,track_title,id=2538922,"Ð?Ðµ Ð£Ñ?Ð¾Ð´Ð¸, Ð?Ð°Ñ?Ñ?Ñ?Ð¸Ð¹",,0,lossy,1
flowsheet,track_title,id=2170549,"Ð?Ð¸ÐºÐ¾, Ð½Ð°Ð¿Ñ?Ð¸Ð¼ÐµÑ?",,0,lossy,1
flowsheet,track_title,id=1389473,Ð?ÑµÑ?Ñ? Ð?Ñ?Ñ?Ð¶Ð´Ñ? Ð Ð¾Ð¶Ð´Ñ?Ñ?Ñ?Ð²Ð°,,0,lossy,1
flowsheet,track_title,id=2337949,Ð?â??Ñ?â??Ð¿â??Ð¾â??Ñ?,,0,lossy,1
flowsheet,track_title,id=1146112,Ð¢Ñ?Ð¸,,0,lossy,1
flowsheet,track_title,id=1551964,Ð§Ñ?Ñ?Ð½Ñ?Ð¹ Ð?Ð¾Ñ?Ð¾Ð´,,0,lossy,1
flowsheet,track_title,id=1821946,Ñ?Ð°Ð· ONE,,0,lossy,1
flowsheet,track_title,id=1680339,×?×?×?×?,,0,lossy,1
flowsheet,track_title,id=1683141,×?×  ×?×?×?,,0,lossy,1
flowsheet,track_title,id=1589652,Ø§Ù?Ø®Ø·Ù?Ø¨ Ø§Ù?Ù?ØºØ±Ø¨Ù? Ù?Ù?Ø² Ø§Ù?Ø¹Ø§Ù?Ù?Ø? Ù? ØªØ¨Ø´Ù?Ø± ØµØ¯Ø§Ù? Ø­Ø³Ù?Ù?,,0,lossy,1
flowsheet,track_title,id=1589655,Ø¨ØµØ±Ø§Ø­Ø©Ø§Ù?Ø®Ø·Ù?Ø¨ Ø§Ù?Ø´Ø¬Ø§Ø¹ Ø£Ù?Ø§Ù? Ø§Ù?Ø±Ø¦Ù?Ø³ Ø¨Ø´Ø§Ø± Ø§Ù?Ø³Ù?Ø±Ù? Ø§Ù?Ø£Ø³Ø¯,,0,lossy,1
flowsheet,track_title,id=2367299,Ø³Ù?Ø¯Ù? Ù?Ù?ØµÙ?Ø±,,0,lossy,1
flowsheet,track_title,id=2398663,Ù?Ù? Ù?Ø§ ØªØ´ØªÙ? Every Time It Rains,,0,lossy,1
flowsheet,track_title,id=2570964,à¸?^â?¢ï»?â?¢^à¸?,,0,lossy,1
flowsheet,track_title,id=1453947,á??á?¥ á??á?¢á?·á??á?¦ á??á?¡á?·á??á?µ á??á?¡á?·á??á?µ á??á?¡á?·á??á?µ á??á?¡á?·á??á?µ á??á?¬á??á?©á??á?¯á??á?­,,0,lossy,1
flowsheet,track_title,id=1641640,á??á?©á?«á??á?¡ á??á?¡á?·á??á?³á?« á??á?µá??á?³á?· á??á?©á?¯á??á?µ (Peach & Plum Version),,0,lossy,1
flowsheet,track_title,id=1943832,á??á?©á?«á??á?¡ á??á?¡á?·á??á?³á?« á??á?µá??á?³á?· á??á?©á?¯á??á?µ (track 4),,0,lossy,1
flowsheet,track_title,id=2562029,á??á?¼á??á??á?¹á??á??á??á??á??á?? (Wash It Away With Water),,0,lossy,1
flowsheet,track_title,id=1804549,â?? â?? ->Romance Layers,,0,lossy,1
flowsheet,track_title,id=1810739,â?? â??/Romance Layers,,0,lossy,1
flowsheet,track_title,id=1615579,âµ?âµ?âµ?âµ?âµ? [Tanabaoute],,0,lossy,1
flowsheet,track_title,id=1757827,ã??ã??ã??ã?? Post Rave Maximalist,,0,lossy,1
flowsheet,track_title,id=2033241,ã??ã??ã??ã??ã?¨æ¸¦å¥³,,0,lossy,1
flowsheet,track_title,id=2337570,ã??ã??ã?ªã?¯ã??ã??å??,,0,lossy,1
flowsheet,track_title,id=2316068,ã??ã??ã?ªæ¸?ã??å??,,0,lossy,1
flowsheet,track_title,id=2149895,ã??ã??ã?»ã??ã??ã?»ã?­ã??ã?¯,,0,lossy,1
flowsheet,track_title,id=1236968,ã??ã?£ã?¡ã??ã??ã?£ã?¡ã??,,0,lossy,1
flowsheet,track_title,id=1622240,ã??ã?¤ã??ã?©ã?¤ã??,,0,lossy,1
flowsheet,track_title,id=2365638,ã??ã?ªã??ã?ªã?¢ã?¡ (The Rain From Light and Shadow),,0,lossy,1
flowsheet,track_title,id=2021725,ã??ã?ªæµ?ã?¨ã?³ã?¸ã?§ã?«,,0,lossy,1
flowsheet,track_title,id=1945734,ã??ã?®ã?®ã??å§« (Princess Mononoke Theme Song),,0,lossy,1
flowsheet,track_title,id=1568451,ã??ã?¹ã?«ã?¬ã?¼ã??,,0,lossy,1
flowsheet,track_title,id=1305562,ã??ã?¼ã??,,0,lossy,1
flowsheet,track_title,id=2370963,ã?¡ã?ªã?¼ã?´ã?¼ã?©ã?¦ã?³ã??,,0,lossy,1
flowsheet,track_title,id=2541684,ã?¢ã??ã?¯ã?­ã?¼ã?,,0,lossy,1
flowsheet,track_title,id=1876154,ã?©ã?¤ã??ã?©ã?ª (Library),,0,lossy,1
flowsheet,track_title,id=1258478,ã?©ã?¦ã??ã??å¥´ã??,,0,lossy,1
flowsheet,track_title,id=1650496,ã?ªã?µã??ã?©ã?³ã?¯420 / ç?¾ä»£ã?®ã?³ã?³ã??ã?¥ã?¼,,0,lossy,1
flowsheet,track_title,id=2325645,ã?«ã??ã??å¥³,,0,lossy,1
flowsheet,track_title,id=2570357,ã?¯ã?³ã??ã??ã?«ã?»VHS (Wonderful VHS),,0,lossy,1
flowsheet,track_title,id=2456253,ã?°ã?©ã?¤ã??,,0,lossy,1
flowsheet,track_title,id=1523546,ã?²ã??ã?¿ (pronounced hiromi),,0,lossy,1
flowsheet,track_title,id=1892224,ã?³ã?ºã??ã??ã?¯ã?»ã?µã?¼ã??ã?£ã?³,,0,lossy,1
flowsheet,track_title,id=2365344,ã?¹ã?«ã?¤ã?©ã?¤ã?³,,0,lossy,1
flowsheet,track_title,id=1590563,ã?»ã??ã?? (Sea),,0,lossy,1
flowsheet,track_title,id=2562962,ã?¿ã?¦ã?¦,,0,lossy,1
flowsheet,track_title,id=1236414,ã?¿ã?³ã?´ (Tango),,0,lossy,1
flowsheet,track_title,id=1580451,å?? (10),,0,lossy,1
flowsheet,track_title,id=2313507,å?¥ã?«ã?©ã??ã?£ã?¦äº?ã?§ã??ã?ªã??ã??,,0,lossy,1
flowsheet,track_title,id=1669375,"å?¨ä½ ç??å¤©ä¸?æ??æ²¡æ??æ??äº® or ""Please Treasure My Love""",,0,lossy,1
flowsheet,track_title,id=2557659,å?¨å?´æ?¯æ³?æ°´æº?å¤´æ?¯é¡¿æ²³ Aynala Bulaâ±ª Base-TeÌ?ng,,0,lossy,1
flowsheet,track_title,id=2175835,å?½è?? (Nisemono),,0,lossy,1
flowsheet,track_title,id=2320597,å¥³ã?®å?ªæ??,,0,lossy,1
flowsheet,track_title,id=1204875,å¥½ã??å¥½ã??å¤§å¥½ã??,,0,lossy,1
flowsheet,track_title,id=1676981,å·¨ç¥?å?µï½?ã??ã?«ã?¡ã?­ã?¢è»?ï½?ã?¯ã?·ã?£ã??æ®¿ä¸?,,0,lossy,1
flowsheet,track_title,id=2385669,å½±å??å??å??å?®ï¼?å??æ?´å¤?ï¼?- Influence Peddling (and More),,0,lossy,1
flowsheet,track_title,id=1975985,æ??ã?®ä¸? (Moon Hill),,0,lossy,1
flowsheet,track_title,id=1492788,æ??å??ã?¯ã?«ã?? (Moonlight Waltz),,0,lossy,1
flowsheet,track_title,id=2547134,æ??å¿?å³°,,0,lossy,1
flowsheet,track_title,id=2486613,æ??æ??ã?®æ³ª,,0,lossy,1
flowsheet,track_title,id=2490604,æ??æ??ã?®æ³ª (Wakusei no Namida),,0,lossy,1
flowsheet,track_title,id=1391973,æ??æ?¥ã?¯å?¨ã?¦ã?®ä¸?ç??ã??,,0,lossy,1
flowsheet,track_title,id=1944249,"æ?¢å¤? (Hui1 Fu4, restore)",,0,lossy,1
flowsheet,track_title,id=1765403,æ?¢å¤? (track 1),,0,lossy,1
flowsheet,track_title,id=1731965,æ?¥å?ºæ?±æ?¹ å?¯æ??ä¸?æ?? (Track 1),,0,lossy,1
flowsheet,track_title,id=1469475,æ?¨6å??è»?,,0,lossy,1
flowsheet,track_title,id=1990158,æ?ªæ?¥ã?®ç?³,,0,lossy,1
flowsheet,track_title,id=1661539,æ?°å®¿ã?´ã?¼ã?«ã??ã?³è¡?,,0,lossy,1
flowsheet,track_title,id=1671267,æ?°å®¿ã?´ã?¼ã?«ã??ã?³è¡? (shinjuku golden street),,0,lossy,1
flowsheet,track_title,id=1589110,æ?²å??ã?¨è?¦ç?? -> Nightmare Or Reality,,0,lossy,1
flowsheet,track_title,id=1595934,æ­¢ã??ã?®ä¸?æ?? ->  æ??é?? (Finishing Blow -> Darkness),,0,lossy,1
flowsheet,track_title,id=2318607,æ°?å??ã??å¤?ã??ã?¦,,0,lossy,1
flowsheet,track_title,id=1782761,æµ?è¡?é??ä¿¡ç°¿,,0,lossy,1
flowsheet,track_title,id=2511449,ç??ç?¾ â?? ã?¢ã?¼ã??ã??ã?³ã?»ã?¤ã?³ã?»ã??ã?©ã??ã??ã?³,,0,lossy,1
flowsheet,track_title,id=1954028,ç§?ã?®ã?¢ã?©ã??ã?ªã?¢ã?  (track 8),,0,lossy,1
flowsheet,track_title,id=1532148,è?²ã?®ç?¡ã??æ°´æ§½ (track 4),,0,lossy,1
flowsheet,track_title,id=2296254,è?½è¡£å­?ã?®ã?µã?¦ç¯?,,0,lossy,1
flowsheet,track_title,id=1223667,è¡?ã?®å??ã?¯æ¸?è°·,,0,lossy,1
flowsheet,track_title,id=1990216,è¡¨é?¢å¼µå?? (surface tension),,0,lossy,1
flowsheet,track_title,id=1171636,è­¦å?¥(Epigram),,0,lossy,1
flowsheet,track_title,id=1640177,è»½è??,,0,lossy,1
flowsheet,track_title,id=1966166,é¢¨ã?®ä¸?ç?? (Wind World),,0,lossy,1
flowsheet,track_title,id=1739354,é¢¨é?²å??èµ· (situation again and again),,0,lossy,1
flowsheet,track_title,id=2490851,é­?é¬¼ä¼¼ç?ªç??,,0,lossy,1
flowsheet,track_title,id=1243887,é»?ã??è?±æ?? (Black Bouquet),,0,lossy,1
flowsheet,track_title,id=1517201,é»?ã?®ã?¯ã?¬ã?¼ã?« (Kuroi no Kureeru),,0,lossy,1
flowsheet,track_title,id=2104309,ë?? ë??ì?? ë§?ì?´ ë§?ì?´ ë§?ì?´ ë§?ì?´ ê´´ë¡?ì??ì??,,0,lossy,1
flowsheet,track_title,id=1652269,ë??ë¥¼ ì??í?´,,0,lossy,1
flowsheet,track_title,id=2342073,ì??ë§? (Avec Ji Min Park),,0,lossy,1
flowsheet,track_title,id=1343436,ì?¬ë??ì?? ì??ì²?,,0,lossy,1
flowsheet,track_title,id=2192282,í??ë?? (Haenim),,0,lossy,1
flowsheet,track_title,id=2302186,í??ë?? (Haesnim / Sunbeam),,0,lossy,1
flowsheet,track_title,id=2367052,í?¼ì?? ë?¨ì?? ì§?ê¸? ê¼´ì?´,,0,lossy,1
flowsheet,track_title,id=2440449,í?¼ì?? ë?¨ì?? ì§?ê¸? ê¼´ì?´ (I am now alone),,0,lossy,1
flowsheet,track_title,id=1509586,ð??? = (2.6),,0,lossy,1
